{
  "gt_count": 1517,
  "mean_obj_recall": 0.4275495087173545,
  "mean_scene_recall": 0.44982698961937717,
  "obj_recalls": {"1": 0.6514285714285715, "5": 0.9396984924623115, "6": 0.4853801169590643, "8": 0.87, "9": 0.0, "10": 0.1388888888888889, "11": 0.0, "12": 0.335},
  "recall": 0.44982698961937717,
  "scene_recalls": {"2": 0.44982698961937717},
  "targets_count": 1445,
  "tp_count": 650
}