{
  "gt_count": 1517,
  "mean_obj_recall": 0.4484632750217251,
  "mean_scene_recall": 0.471280276816609,
  "obj_recalls": {"1": 0.6571428571428571, "5": 0.9547738693467337, "6": 0.5380116959064327, "8": 0.905, "9": 0.0, "10": 0.17777777777777778, "11": 0.0, "12": 0.355},
  "recall": 0.471280276816609,
  "scene_recalls": {"2": 0.471280276816609},
  "targets_count": 1445,
  "tp_count": 681
}