{
  "gt_count": 1517,
  "mean_obj_recall": 0.44435925712522506,
  "mean_scene_recall": 0.4671280276816609,
  "obj_recalls": {"1": 0.6571428571428571, "5": 0.949748743718593, "6": 0.5263157894736842, "8": 0.9, "9": 0.0, "10": 0.16666666666666666, "11": 0.0, "12": 0.355},
  "recall": 0.4671280276816609,
  "scene_recalls": {"2": 0.4671280276816609},
  "targets_count": 1445,
  "tp_count": 675
}