{
  "gt_count": 1517,
  "mean_obj_recall": 0.4410556778252163,
  "mean_scene_recall": 0.46366782006920415,
  "obj_recalls": {"1": 0.6571428571428571, "5": 0.9447236180904522, "6": 0.52046783625731, "8": 0.9, "9": 0.0, "10": 0.16111111111111112, "11": 0.0, "12": 0.345},
  "recall": 0.46366782006920415,
  "scene_recalls": {"2": 0.46366782006920415},
  "targets_count": 1445,
  "tp_count": 670
}