{
  "gt_count": 1517,
  "mean_obj_recall": 0.4378612333807719,
  "mean_scene_recall": 0.4602076124567474,
  "obj_recalls": {"1": 0.6571428571428571, "5": 0.9447236180904522, "6": 0.52046783625731, "8": 0.88, "9": 0.0, "10": 0.15555555555555556, "11": 0.0, "12": 0.345},
  "recall": 0.4602076124567474,
  "scene_recalls": {"2": 0.4602076124567474},
  "targets_count": 1445,
  "tp_count": 665
}