{
  "gt_count": 1517,
  "mean_obj_recall": 0.44637628671763163,
  "mean_scene_recall": 0.4692041522491349,
  "obj_recalls": {"1": 0.6571428571428571, "5": 0.9547738693467337, "6": 0.5263157894736842, "8": 0.9, "9": 0.0, "10": 0.17777777777777778, "11": 0.0, "12": 0.355},
  "recall": 0.4692041522491349,
  "scene_recalls": {"2": 0.4692041522491349},
  "targets_count": 1445,
  "tp_count": 678
}