{
  "gt_count": 1517,
  "mean_obj_recall": 0.6522060044373916,
  "mean_scene_recall": 0.6802768166089965,
  "obj_recalls": {"1": 0.96, "5": 0.9798994974874372, "6": 0.8771929824561403, "8": 0.99, "9": 0.0, "10": 0.5055555555555555, "11": 0.0, "12": 0.905},
  "recall": 0.6802768166089965,
  "scene_recalls": {"2": 0.6802768166089965},
  "targets_count": 1445,
  "tp_count": 983
}