{
  "gt_count": 1517,
  "mean_obj_recall": 0.6736820904858462,
  "mean_scene_recall": 0.7017301038062284,
  "obj_recalls": {"1": 0.9714285714285714, "5": 0.9798994974874372, "6": 0.9181286549707602, "8": 0.99, "9": 0.0, "10": 0.6, "11": 0.0, "12": 0.93},
  "recall": 0.7017301038062284,
  "scene_recalls": {"2": 0.7017301038062284},
  "targets_count": 1445,
  "tp_count": 1014
}