{
  "gt_count": 1517,
  "mean_obj_recall": 0.6182591581550191,
  "mean_scene_recall": 0.6456747404844291,
  "obj_recalls": {"1": 0.9485714285714286, "5": 0.9798994974874372, "6": 0.8187134502923976, "8": 0.985, "9": 0.0, "10": 0.3888888888888889, "11": 0.0, "12": 0.825},
  "recall": 0.6456747404844291,
  "scene_recalls": {"2": 0.6456747404844291},
  "targets_count": 1445,
  "tp_count": 933
}