{
  "gt_count": 1517,
  "mean_obj_recall": 0.6729876460414017,
  "mean_scene_recall": 0.701038062283737,
  "obj_recalls": {"1": 0.9714285714285714, "5": 0.9798994974874372, "6": 0.9181286549707602, "8": 0.99, "9": 0.0, "10": 0.5944444444444444, "11": 0.0, "12": 0.93},
  "recall": 0.701038062283737,
  "scene_recalls": {"2": 0.701038062283737},
  "targets_count": 1445,
  "tp_count": 1013
}