{
  "gt_count": 1517,
  "mean_obj_recall": 0.6673955407782437,
  "mean_scene_recall": 0.6955017301038062,
  "obj_recalls": {"1": 0.9714285714285714, "5": 0.9798994974874372, "6": 0.9122807017543859, "8": 0.99, "9": 0.0, "10": 0.5555555555555556, "11": 0.0, "12": 0.93},
  "recall": 0.6955017301038062,
  "scene_recalls": {"2": 0.6955017301038062},
  "targets_count": 1445,
  "tp_count": 1005
}