{
  "gt_count": 1517,
  "mean_obj_recall": 0.5247895230118849,
  "mean_scene_recall": 0.5494809688581315,
  "obj_recalls": {"1": 0.8057142857142857, "5": 0.964824120603015, "6": 0.6666666666666666, "8": 0.975, "9": 0.0, "10": 0.2611111111111111, "11": 0.0, "12": 0.525},
  "recall": 0.5494809688581315,
  "scene_recalls": {"2": 0.5494809688581315},
  "targets_count": 1445,
  "tp_count": 794
}