{
  "gt_count": 1517,
  "mean_obj_recall": 0.5147759474062039,
  "mean_scene_recall": 0.5391003460207613,
  "obj_recalls": {"1": 0.7828571428571428, "5": 0.964824120603015, "6": 0.6549707602339181, "8": 0.975, "9": 0.0, "10": 0.25555555555555554, "11": 0.0, "12": 0.485},
  "recall": 0.5391003460207613,
  "scene_recalls": {"2": 0.5391003460207613},
  "targets_count": 1445,
  "tp_count": 779
}