{
  "gt_count": 1517,
  "mean_obj_recall": 0.5162212272725365,
  "mean_scene_recall": 0.5404844290657439,
  "obj_recalls": {"1": 0.7885714285714286, "5": 0.964824120603015, "6": 0.6608187134502924, "8": 0.975, "9": 0.0, "10": 0.25555555555555554, "11": 0.0, "12": 0.485},
  "recall": 0.5404844290657439,
  "scene_recalls": {"2": 0.5404844290657439},
  "targets_count": 1445,
  "tp_count": 781
}