{
  "gt_count": 1517,
  "mean_obj_recall": 0.5133505088097127,
  "mean_scene_recall": 0.5377162629757786,
  "obj_recalls": {"1": 0.7828571428571428, "5": 0.964824120603015, "6": 0.6491228070175439, "8": 0.975, "9": 0.0, "10": 0.25, "11": 0.0, "12": 0.485},
  "recall": 0.5377162629757786,
  "scene_recalls": {"2": 0.5377162629757786},
  "targets_count": 1445,
  "tp_count": 777
}