{
  "gt_count": 1517,
  "mean_obj_recall": 0.5022947443986852,
  "mean_scene_recall": 0.5266435986159169,
  "obj_recalls": {"1": 0.7714285714285715, "5": 0.964824120603015, "6": 0.6198830409356725, "8": 0.97, "9": 0.0, "10": 0.2222222222222222, "11": 0.0, "12": 0.47},
  "recall": 0.5266435986159169,
  "scene_recalls": {"2": 0.5266435986159169},
  "targets_count": 1445,
  "tp_count": 761
}