{
  "gt_count": 1517,
  "mean_obj_recall": 0.5222200785674403,
  "mean_scene_recall": 0.5467128027681661,
  "obj_recalls": {"1": 0.8057142857142857, "5": 0.964824120603015, "6": 0.6666666666666666, "8": 0.975, "9": 0.0, "10": 0.25555555555555554, "11": 0.0, "12": 0.51},
  "recall": 0.5467128027681661,
  "scene_recalls": {"2": 0.5467128027681661},
  "targets_count": 1445,
  "tp_count": 790
}