{
  "gt_count": 1517,
  "mean_obj_recall": 0.5255038087261705,
  "mean_scene_recall": 0.5501730103806228,
  "obj_recalls": {"1": 0.8114285714285714, "5": 0.964824120603015, "6": 0.6666666666666666, "8": 0.975, "9": 0.0, "10": 0.2611111111111111, "11": 0.0, "12": 0.525},
  "recall": 0.5501730103806228,
  "scene_recalls": {"2": 0.5501730103806228},
  "targets_count": 1445,
  "tp_count": 795
}