{
  "gt_count": 1517,
  "mean_obj_recall": 0.5799211255735653,
  "mean_scene_recall": 0.6062283737024221,
  "obj_recalls": {"1": 0.8514285714285714, "5": 0.9798994974874372, "6": 0.7719298245614035, "8": 0.98, "9": 0.0, "10": 0.3611111111111111, "11": 0.0, "12": 0.695},
  "recall": 0.6062283737024221,
  "scene_recalls": {"2": 0.6062283737024221},
  "targets_count": 1445,
  "tp_count": 876
}