{
  "gt_count": 1517,
  "mean_obj_recall": 0.5719778219627796,
  "mean_scene_recall": 0.5979238754325259,
  "obj_recalls": {"1": 0.8457142857142858, "5": 0.9748743718592965, "6": 0.7602339181286549, "8": 0.98, "9": 0.0, "10": 0.35, "11": 0.0, "12": 0.665},
  "recall": 0.5979238754325259,
  "scene_recalls": {"2": 0.5979238754325259},
  "targets_count": 1445,
  "tp_count": 864
}