{
  "gt_count": 1517,
  "mean_obj_recall": 0.5523072914698808,
  "mean_scene_recall": 0.5778546712802768,
  "obj_recalls": {"1": 0.8342857142857143, "5": 0.9748743718592965, "6": 0.7192982456140351, "8": 0.97, "9": 0.0, "10": 0.3, "11": 0.0, "12": 0.62},
  "recall": 0.5778546712802768,
  "scene_recalls": {"2": 0.5778546712802768},
  "targets_count": 1445,
  "tp_count": 835
}