{
  "gt_count": 1517,
  "mean_obj_recall": 0.5759758457072329,
  "mean_scene_recall": 0.6020761245674741,
  "obj_recalls": {"1": 0.8457142857142858, "5": 0.9798994974874372, "6": 0.7660818713450293, "8": 0.98, "9": 0.0, "10": 0.3611111111111111, "11": 0.0, "12": 0.675},
  "recall": 0.6020761245674741,
  "scene_recalls": {"2": 0.6020761245674741},
  "targets_count": 1445,
  "tp_count": 870
}