{
  "gt_count": 1517,
  "mean_obj_recall": 0.5859695800430724,
  "mean_scene_recall": 0.6124567474048442,
  "obj_recalls": {"1": 0.8628571428571429, "5": 0.9798994974874372, "6": 0.7777777777777778, "8": 0.98, "9": 0.0, "10": 0.37222222222222223, "11": 0.0, "12": 0.715},
  "recall": 0.6124567474048442,
  "scene_recalls": {"2": 0.6124567474048442},
  "targets_count": 1445,
  "tp_count": 885
}