{
  "gt_count": 1517,
  "mean_obj_recall": 0.5833108498843423,
  "mean_scene_recall": 0.6096885813148789,
  "obj_recalls": {"1": 0.8571428571428571, "5": 0.9798994974874372, "6": 0.7777777777777778, "8": 0.98, "9": 0.0, "10": 0.36666666666666664, "11": 0.0, "12": 0.705},
  "recall": 0.6096885813148789,
  "scene_recalls": {"2": 0.6096885813148789},
  "targets_count": 1445,
  "tp_count": 881
}