{
  "gt_count": 1517,
  "mean_obj_recall": 0.5873584689319614,
  "mean_scene_recall": 0.613840830449827,
  "obj_recalls": {"1": 0.8628571428571429, "5": 0.9798994974874372, "6": 0.7777777777777778, "8": 0.98, "9": 0.0, "10": 0.38333333333333336, "11": 0.0, "12": 0.715},
  "recall": 0.613840830449827,
  "scene_recalls": {"2": 0.613840830449827},
  "targets_count": 1445,
  "tp_count": 887
}