{
  "bop19_average_recall": 0.6187727797001153,
  "bop19_average_recall_mspd": 0.6809688581314879,
  "bop19_average_recall_mssd": 0.5707958477508651,
  "bop19_average_recall_vsd": 0.604553633217993,
  "bop19_average_time_per_image": -1.0
}