{
  "gt_count": 1517,
  "mean_obj_recall": 0.5428007125225123,
  "mean_scene_recall": 0.568166089965398,
  "obj_recalls": {"1": 0.7542857142857143, "5": 0.9748743718592965, "6": 0.7426900584795322, "8": 0.98, "9": 0.0, "10": 0.3055555555555556, "11": 0.0, "12": 0.585},
  "recall": 0.568166089965398,
  "scene_recalls": {"2": 0.568166089965398},
  "targets_count": 1445,
  "tp_count": 821
}