{
  "gt_count": 1517,
  "mean_obj_recall": 0.6803722533931142,
  "mean_scene_recall": 0.7086505190311418,
  "obj_recalls": {"1": 0.9771428571428571, "5": 0.9798994974874372, "6": 0.9298245614035088, "8": 0.995, "9": 0.0, "10": 0.6111111111111112, "11": 0.0, "12": 0.95},
  "recall": 0.7086505190311418,
  "scene_recalls": {"2": 0.7086505190311418},
  "targets_count": 1445,
  "tp_count": 1024
}