{
  "gt_count": 1517,
  "mean_obj_recall": 0.6369966268266982,
  "mean_scene_recall": 0.6650519031141868,
  "obj_recalls": {"1": 0.9028571428571428, "5": 0.9798994974874372, "6": 0.8421052631578947, "8": 0.985, "9": 0.0, "10": 0.5111111111111111, "11": 0.0, "12": 0.875},
  "recall": 0.6650519031141868,
  "scene_recalls": {"2": 0.6650519031141868},
  "targets_count": 1445,
  "tp_count": 961
}