{
  "gt_count": 1517,
  "mean_obj_recall": 0.4755445434146505,
  "mean_scene_recall": 0.4996539792387543,
  "obj_recalls": {"1": 0.6685714285714286, "5": 0.9698492462311558, "6": 0.5964912280701754, "8": 0.97, "9": 0.0, "10": 0.19444444444444445, "11": 0.0, "12": 0.405},
  "recall": 0.4996539792387543,
  "scene_recalls": {"2": 0.4996539792387543},
  "targets_count": 1445,
  "tp_count": 722
}