{
  "gt_count": 1517,
  "mean_obj_recall": 0.6018039497823284,
  "mean_scene_recall": 0.6283737024221453,
  "obj_recalls": {"1": 0.8514285714285714, "5": 0.9748743718592965, "6": 0.8070175438596491, "8": 0.985, "9": 0.0, "10": 0.46111111111111114, "11": 0.0, "12": 0.735},
  "recall": 0.6283737024221453,
  "scene_recalls": {"2": 0.6283737024221453},
  "targets_count": 1445,
  "tp_count": 908
}