{
  "gt_count": 1517,
  "mean_obj_recall": 0.3603152694340541,
  "mean_scene_recall": 0.38200692041522494,
  "obj_recalls": {"1": 0.4057142857142857, "5": 0.9346733668341709, "6": 0.4093567251461988, "8": 0.87, "9": 0.0, "10": 0.07777777777777778, "11": 0.0, "12": 0.185},
  "recall": 0.38200692041522494,
  "scene_recalls": {"2": 0.38200692041522494},
  "targets_count": 1445,
  "tp_count": 552
}