{
  "gt_count": 1517,
  "mean_obj_recall": 0.661773151471644,
  "mean_scene_recall": 0.6899653979238755,
  "obj_recalls": {"1": 0.9542857142857143, "5": 0.9798994974874372, "6": 0.8888888888888888, "8": 0.99, "9": 0.0, "10": 0.5611111111111111, "11": 0.0, "12": 0.92},
  "recall": 0.6899653979238755,
  "scene_recalls": {"2": 0.6899653979238755},
  "targets_count": 1445,
  "tp_count": 997
}