{
  "gt_count": 1517,
  "mean_obj_recall": 0.13704033954232314,
  "mean_scene_recall": 0.14878892733564014,
  "obj_recalls": {"1": 0.06285714285714286, "5": 0.5527638190954773, "6": 0.05847953216374269, "8": 0.38, "9": 0.0, "10": 0.022222222222222223, "11": 0.0, "12": 0.02},
  "recall": 0.14878892733564014,
  "scene_recalls": {"2": 0.14878892733564014},
  "targets_count": 1445,
  "tp_count": 215
}