{
  "gt_count": 1517,
  "mean_obj_recall": 0.6844365808784945,
  "mean_scene_recall": 0.71280276816609,
  "obj_recalls": {"1": 0.9771428571428571, "5": 0.9798994974874372, "6": 0.935672514619883, "8": 0.995, "9": 0.0, "10": 0.6277777777777778, "11": 0.0, "12": 0.96},
  "recall": 0.71280276816609,
  "scene_recalls": {"2": 0.71280276816609},
  "targets_count": 1445,
  "tp_count": 1030
}