{
  "gt_count": 1517,
  "mean_obj_recall": 0.6339974622485863,
  "mean_scene_recall": 0.6608996539792388,
  "obj_recalls": {"1": 0.9485714285714286, "5": 0.9798994974874372, "6": 0.847953216374269, "8": 0.985, "9": 0.0, "10": 0.5055555555555555, "11": 0.0, "12": 0.805},
  "recall": 0.6608996539792388,
  "scene_recalls": {"2": 0.6608996539792388},
  "targets_count": 1445,
  "tp_count": 955
}