{
  "gt_count": 1517,
  "mean_obj_recall": 0.6263977337606998,
  "mean_scene_recall": 0.6532871972318339,
  "obj_recalls": {"1": 0.9314285714285714, "5": 0.9798994974874372, "6": 0.8304093567251462, "8": 0.985, "9": 0.0, "10": 0.49444444444444446, "11": 0.0, "12": 0.79},
  "recall": 0.6532871972318339,
  "scene_recalls": {"2": 0.6532871972318339},
  "targets_count": 1445,
  "tp_count": 944
}