{
  "gt_count": 1517,
  "mean_obj_recall": 0.5832173870606163,
  "mean_scene_recall": 0.6096885813148789,
  "obj_recalls": {"1": 0.9028571428571428, "5": 0.9798994974874372, "6": 0.7485380116959064, "8": 0.98, "9": 0.0, "10": 0.34444444444444444, "11": 0.0, "12": 0.71},
  "recall": 0.6096885813148789,
  "scene_recalls": {"2": 0.6096885813148789},
  "targets_count": 1445,
  "tp_count": 881
}