{
  "gt_count": 1517,
  "mean_obj_recall": 0.6319470236520951,
  "mean_scene_recall": 0.6588235294117647,
  "obj_recalls": {"1": 0.9485714285714286, "5": 0.9798994974874372, "6": 0.8421052631578947, "8": 0.985, "9": 0.0, "10": 0.5, "11": 0.0, "12": 0.8},
  "recall": 0.6588235294117647,
  "scene_recalls": {"2": 0.6588235294117647},
  "targets_count": 1445,
  "tp_count": 952
}