{
  "gt_count": 1517,
  "mean_obj_recall": 0.623633009449923,
  "mean_scene_recall": 0.6505190311418685,
  "obj_recalls": {"1": 0.9257142857142857, "5": 0.9798994974874372, "6": 0.8245614035087719, "8": 0.985, "9": 0.0, "10": 0.4888888888888889, "11": 0.0, "12": 0.785},
  "recall": 0.6505190311418685,
  "scene_recalls": {"2": 0.6505190311418685},
  "targets_count": 1445,
  "tp_count": 940
}