{
  "gt_count": 1517,
  "mean_obj_recall": 0.6278064639194301,
  "mean_scene_recall": 0.6546712802768166,
  "obj_recalls": {"1": 0.9371428571428572, "5": 0.9798994974874372, "6": 0.8304093567251462, "8": 0.985, "9": 0.0, "10": 0.5, "11": 0.0, "12": 0.79},
  "recall": 0.6546712802768166,
  "scene_recalls": {"2": 0.6546712802768166},
  "targets_count": 1445,
  "tp_count": 946
}