{
  "gt_count": 1517,
  "mean_obj_recall": 0.6182293962502572,
  "mean_scene_recall": 0.6449826989619377,
  "obj_recalls": {"1": 0.92, "5": 0.9798994974874372, "6": 0.8187134502923976, "8": 0.985, "9": 0.0, "10": 0.4722222222222222, "11": 0.0, "12": 0.77},
  "recall": 0.6449826989619377,
  "scene_recalls": {"2": 0.6449826989619377},
  "targets_count": 1445,
  "tp_count": 932
}