{
  "gt_count": 1517,
  "mean_obj_recall": 0.6071605783722287,
  "mean_scene_recall": 0.6339100346020762,
  "obj_recalls": {"1": 0.9142857142857143, "5": 0.9798994974874372, "6": 0.7953216374269005, "8": 0.985, "9": 0.0, "10": 0.42777777777777776, "11": 0.0, "12": 0.755},
  "recall": 0.6339100346020762,
  "scene_recalls": {"2": 0.6339100346020762},
  "targets_count": 1445,
  "tp_count": 916
}