{
  "gt_count": 1517,
  "mean_obj_recall": 0.6298767437857626,
  "mean_scene_recall": 0.6567474048442906,
  "obj_recalls": {"1": 0.9428571428571428, "5": 0.9798994974874372, "6": 0.8362573099415205, "8": 0.985, "9": 0.0, "10": 0.5, "11": 0.0, "12": 0.795},
  "recall": 0.6567474048442906,
  "scene_recalls": {"2": 0.6567474048442906},
  "targets_count": 1445,
  "tp_count": 949
}