{
  "gt_count": 1517,
  "mean_obj_recall": 0.638461747962872,
  "mean_scene_recall": 0.6664359861591695,
  "obj_recalls": {"1": 0.9542857142857143, "5": 0.9798994974874372, "6": 0.847953216374269, "8": 0.985, "9": 0.0, "10": 0.45555555555555555, "11": 0.0, "12": 0.885},
  "recall": 0.6664359861591695,
  "scene_recalls": {"2": 0.6664359861591695},
  "targets_count": 1445,
  "tp_count": 963
}