{
  "gt_count": 1517,
  "mean_obj_recall": 0.6613831138776589,
  "mean_scene_recall": 0.6892733564013841,
  "obj_recalls": {"1": 0.9714285714285714, "5": 0.9798994974874372, "6": 0.8947368421052632, "8": 0.985, "9": 0.0, "10": 0.55, "11": 0.0, "12": 0.91},
  "recall": 0.6892733564013841,
  "scene_recalls": {"2": 0.6892733564013841},
  "targets_count": 1445,
  "tp_count": 996
}