{
  "gt_count": 1517,
  "mean_obj_recall": 0.6593128340113265,
  "mean_scene_recall": 0.68719723183391,
  "obj_recalls": {"1": 0.9657142857142857, "5": 0.9798994974874372, "6": 0.8888888888888888, "8": 0.985, "9": 0.0, "10": 0.55, "11": 0.0, "12": 0.905},
  "recall": 0.68719723183391,
  "scene_recalls": {"2": 0.68719723183391},
  "targets_count": 1445,
  "tp_count": 993
}