{
  "gt_count": 1517,
  "mean_obj_recall": 0.6509392959996305,
  "mean_scene_recall": 0.6788927335640138,
  "obj_recalls": {"1": 0.9657142857142857, "5": 0.9798994974874372, "6": 0.8713450292397661, "8": 0.985, "9": 0.0, "10": 0.5055555555555555, "11": 0.0, "12": 0.9},
  "recall": 0.6788927335640138,
  "scene_recalls": {"2": 0.6788927335640138},
  "targets_count": 1445,
  "tp_count": 981
}