{
  "gt_count": 1517,
  "mean_obj_recall": 0.6572295006779931,
  "mean_scene_recall": 0.6851211072664359,
  "obj_recalls": {"1": 0.9657142857142857, "5": 0.9798994974874372, "6": 0.8888888888888888, "8": 0.985, "9": 0.0, "10": 0.5333333333333333, "11": 0.0, "12": 0.905},
  "recall": 0.6851211072664359,
  "scene_recalls": {"2": 0.6851211072664359},
  "targets_count": 1445,
  "tp_count": 990
}