{
  "gt_count": 1517,
  "mean_obj_recall": 0.6073788323404827,
  "mean_scene_recall": 0.6346020761245674,
  "obj_recalls": {"1": 0.9371428571428572, "5": 0.9798994974874372, "6": 0.7953216374269005, "8": 0.98, "9": 0.0, "10": 0.36666666666666664, "11": 0.0, "12": 0.8},
  "recall": 0.6346020761245674,
  "scene_recalls": {"2": 0.6346020761245674},
  "targets_count": 1445,
  "tp_count": 917
}