{
  "gt_count": 1517,
  "mean_obj_recall": 0.6557675123738995,
  "mean_scene_recall": 0.6837370242214533,
  "obj_recalls": {"1": 0.9657142857142857, "5": 0.9798994974874372, "6": 0.8771929824561403, "8": 0.985, "9": 0.0, "10": 0.5333333333333333, "11": 0.0, "12": 0.905},
  "recall": 0.6837370242214533,
  "scene_recalls": {"2": 0.6837370242214533},
  "targets_count": 1445,
  "tp_count": 988
}