{
  "gt_count": 1517,
  "mean_obj_recall": 0.6600438281633733,
  "mean_scene_recall": 0.6878892733564014,
  "obj_recalls": {"1": 0.9657142857142857, "5": 0.9798994974874372, "6": 0.8947368421052632, "8": 0.985, "9": 0.0, "10": 0.55, "11": 0.0, "12": 0.905},
  "recall": 0.6878892733564014,
  "scene_recalls": {"2": 0.6878892733564014},
  "targets_count": 1445,
  "tp_count": 994
}