{
  "gt_count": 1517,
  "mean_obj_recall": 0.6783714179712261,
  "mean_scene_recall": 0.7065743944636678,
  "obj_recalls": {"1": 0.9714285714285714, "5": 0.9798994974874372, "6": 0.9239766081871345, "8": 0.99, "9": 0.0, "10": 0.6166666666666667, "11": 0.0, "12": 0.945},
  "recall": 0.7065743944636678,
  "scene_recalls": {"2": 0.7065743944636678},
  "targets_count": 1445,
  "tp_count": 1021
}