{
  "gt_count": 1517,
  "mean_obj_recall": 0.6811361422820031,
  "mean_scene_recall": 0.7093425605536332,
  "obj_recalls": {"1": 0.9771428571428571, "5": 0.9798994974874372, "6": 0.9298245614035088, "8": 0.995, "9": 0.0, "10": 0.6222222222222222, "11": 0.0, "12": 0.945},
  "recall": 0.7093425605536332,
  "scene_recalls": {"2": 0.7093425605536332},
  "targets_count": 1445,
  "tp_count": 1025
}