{
  "gt_count": 1517,
  "mean_obj_recall": 0.6570013260748185,
  "mean_scene_recall": 0.6851211072664359,
  "obj_recalls": {"1": 0.96, "5": 0.9798994974874372, "6": 0.8888888888888888, "8": 0.99, "9": 0.0, "10": 0.5222222222222223, "11": 0.0, "12": 0.915},
  "recall": 0.6851211072664359,
  "scene_recalls": {"2": 0.6851211072664359},
  "targets_count": 1445,
  "tp_count": 990
}