{
  "gt_count": 1517,
  "mean_obj_recall": 0.6211100353480015,
  "mean_scene_recall": 0.6484429065743945,
  "obj_recalls": {"1": 0.9485714285714286, "5": 0.9798994974874372, "6": 0.8304093567251462, "8": 0.985, "9": 0.0, "10": 0.4, "11": 0.0, "12": 0.825},
  "recall": 0.6484429065743945,
  "scene_recalls": {"2": 0.6484429065743945},
  "targets_count": 1445,
  "tp_count": 937
}