{
  "gt_count": 1517,
  "mean_obj_recall": 0.6790658624156707,
  "mean_scene_recall": 0.7072664359861591,
  "obj_recalls": {"1": 0.9714285714285714, "5": 0.9798994974874372, "6": 0.9239766081871345, "8": 0.99, "9": 0.0, "10": 0.6222222222222222, "11": 0.0, "12": 0.945},
  "recall": 0.7072664359861591,
  "scene_recalls": {"2": 0.7072664359861591},
  "targets_count": 1445,
  "tp_count": 1022
}