{
  "gt_count": 1517,
  "mean_obj_recall": 0.6970963553145846,
  "mean_scene_recall": 0.7252595155709343,
  "obj_recalls": {"1": 1.0, "5": 0.9798994974874372, "6": 0.9707602339181286, "8": 0.995, "9": 0.0, "10": 0.6611111111111111, "11": 0.0, "12": 0.97},
  "recall": 0.7252595155709343,
  "scene_recalls": {"2": 0.7252595155709343},
  "targets_count": 1445,
  "tp_count": 1048
}