{
  "gt_count": 1517,
  "mean_obj_recall": 0.6957769108701402,
  "mean_scene_recall": 0.7238754325259515,
  "obj_recalls": {"1": 1.0, "5": 0.9798994974874372, "6": 0.9707602339181286, "8": 0.995, "9": 0.0, "10": 0.6555555555555556, "11": 0.0, "12": 0.965},
  "recall": 0.7238754325259515,
  "scene_recalls": {"2": 0.7238754325259515},
  "targets_count": 1445,
  "tp_count": 1046
}