{
  "gt_count": 1517,
  "mean_obj_recall": 0.699113384906991,
  "mean_scene_recall": 0.7273356401384083,
  "obj_recalls": {"1": 1.0, "5": 0.9849246231155779, "6": 0.9707602339181286, "8": 0.995, "9": 0.0, "10": 0.6722222222222223, "11": 0.0, "12": 0.97},
  "recall": 0.7273356401384083,
  "scene_recalls": {"2": 0.7273356401384083},
  "targets_count": 1445,
  "tp_count": 1051
}