{
  "gt_count": 1517,
  "mean_obj_recall": 0.34152509099381617,
  "mean_scene_recall": 0.35294117647058826,
  "obj_recalls": {"1": 0.5142857142857142, "5": 0.6180904522613065, "6": 0.5964912280701754, "8": 0.495, "9": 0.0, "10": 0.2833333333333333, "11": 0.0, "12": 0.225},
  "recall": 0.35294117647058826,
  "scene_recalls": {"2": 0.35294117647058826},
  "targets_count": 1445,
  "tp_count": 510
}