{
  "gt_count": 1517,
  "mean_obj_recall": 0.6944209167180934,
  "mean_scene_recall": 0.7224913494809688,
  "obj_recalls": {"1": 1.0, "5": 0.9798994974874372, "6": 0.9649122807017544, "8": 0.995, "9": 0.0, "10": 0.6555555555555556, "11": 0.0, "12": 0.96},
  "recall": 0.7224913494809688,
  "scene_recalls": {"2": 0.7224913494809688},
  "targets_count": 1445,
  "tp_count": 1044
}