{
  "gt_count": 1517,
  "mean_obj_recall": 0.6931014722736489,
  "mean_scene_recall": 0.7211072664359861,
  "obj_recalls": {"1": 1.0, "5": 0.9798994974874372, "6": 0.9649122807017544, "8": 0.99, "9": 0.0, "10": 0.65, "11": 0.0, "12": 0.96},
  "recall": 0.7211072664359861,
  "scene_recalls": {"2": 0.7211072664359861},
  "targets_count": 1445,
  "tp_count": 1042
}