{
  "gt_count": 1517,
  "mean_obj_recall": 0.6769501564841752,
  "mean_scene_recall": 0.7051903114186852,
  "obj_recalls": {"1": 0.92, "5": 0.9798994974874372, "6": 0.9473684210526315, "8": 0.985, "9": 0.0, "10": 0.6333333333333333, "11": 0.0, "12": 0.95},
  "recall": 0.7051903114186852,
  "scene_recalls": {"2": 0.7051903114186852},
  "targets_count": 1445,
  "tp_count": 1019
}