{
  "gt_count": 1517,
  "mean_obj_recall": 0.6449748979861714,
  "mean_scene_recall": 0.6719723183391003,
  "obj_recalls": {"1": 0.8857142857142857, "5": 0.9748743718592965, "6": 0.9064327485380117, "8": 0.945, "9": 0.0, "10": 0.5777777777777777, "11": 0.0, "12": 0.87},
  "recall": 0.6719723183391003,
  "scene_recalls": {"2": 0.6719723183391003},
  "targets_count": 1445,
  "tp_count": 971
}