{
  "gt_count": 1517,
  "mean_obj_recall": 0.6789833645042254,
  "mean_scene_recall": 0.7072664359861591,
  "obj_recalls": {"1": 0.9771428571428571, "5": 0.9798994974874372, "6": 0.9298245614035088, "8": 0.995, "9": 0.0, "10": 0.6, "11": 0.0, "12": 0.95},
  "recall": 0.7072664359861591,
  "scene_recalls": {"2": 0.7072664359861591},
  "targets_count": 1445,
  "tp_count": 1022
}