{
  "gt_count": 1517,
  "mean_obj_recall": 0.6238747596587784,
  "mean_scene_recall": 0.6512110726643598,
  "obj_recalls": {"1": 0.9542857142857143, "5": 0.9798994974874372, "6": 0.8362573099415205, "8": 0.99, "9": 0.0, "10": 0.40555555555555556, "11": 0.0, "12": 0.825},
  "recall": 0.6512110726643598,
  "scene_recalls": {"2": 0.6512110726643598},
  "targets_count": 1445,
  "tp_count": 941
}