{
  "gt_count": 1517,
  "mean_obj_recall": 0.6858949142118278,
  "mean_scene_recall": 0.7141868512110726,
  "obj_recalls": {"1": 0.9771428571428571, "5": 0.9798994974874372, "6": 0.935672514619883, "8": 0.995, "9": 0.0, "10": 0.6444444444444445, "11": 0.0, "12": 0.955},
  "recall": 0.7141868512110726,
  "scene_recalls": {"2": 0.7141868512110726},
  "targets_count": 1445,
  "tp_count": 1032
}