{
  "gt_count": 1517,
  "mean_obj_recall": 0.6618859334265311,
  "mean_scene_recall": 0.6899653979238755,
  "obj_recalls": {"1": 0.9657142857142857, "5": 0.9798994974874372, "6": 0.9005847953216374, "8": 0.995, "9": 0.0, "10": 0.5388888888888889, "11": 0.0, "12": 0.915},
  "recall": 0.6899653979238755,
  "scene_recalls": {"2": 0.6899653979238755},
  "targets_count": 1445,
  "tp_count": 997
}