{
  "gt_count": 1517,
  "mean_obj_recall": 0.6934017020146681,
  "mean_scene_recall": 0.7217993079584775,
  "obj_recalls": {"1": 0.9885714285714285, "5": 0.9798994974874372, "6": 0.9415204678362573, "8": 0.995, "9": 0.0, "10": 0.6722222222222223, "11": 0.0, "12": 0.97},
  "recall": 0.7217993079584775,
  "scene_recalls": {"2": 0.7217993079584775},
  "targets_count": 1445,
  "tp_count": 1043
}