{
  "gt_count": 1517,
  "mean_obj_recall": 0.6836925332594468,
  "mean_scene_recall": 0.7121107266435986,
  "obj_recalls": {"1": 0.9828571428571429, "5": 0.9798994974874372, "6": 0.935672514619883, "8": 0.995, "9": 0.0, "10": 0.6111111111111112, "11": 0.0, "12": 0.965},
  "recall": 0.7121107266435986,
  "scene_recalls": {"2": 0.7121107266435986},
  "targets_count": 1445,
  "tp_count": 1029
}