{
  "gt_count": 1517,
  "mean_obj_recall": 0.6279589284139998,
  "mean_scene_recall": 0.655363321799308,
  "obj_recalls": {"1": 0.96, "5": 0.9798994974874372, "6": 0.8421052631578947, "8": 0.99, "9": 0.0, "10": 0.4166666666666667, "11": 0.0, "12": 0.835},
  "recall": 0.655363321799308,
  "scene_recalls": {"2": 0.655363321799308},
  "targets_count": 1445,
  "tp_count": 947
}