{
  "gt_count": 1517,
  "mean_obj_recall": 0.6892846385226047,
  "mean_scene_recall": 0.7176470588235294,
  "obj_recalls": {"1": 0.9828571428571429, "5": 0.9798994974874372, "6": 0.9415204678362573, "8": 0.995, "9": 0.0, "10": 0.65, "11": 0.0, "12": 0.965},
  "recall": 0.7176470588235294,
  "scene_recalls": {"2": 0.7176470588235294},
  "targets_count": 1445,
  "tp_count": 1037
}