{
  "gt_count": 1517,
  "mean_obj_recall": 0.6665951021817526,
  "mean_scene_recall": 0.6948096885813149,
  "obj_recalls": {"1": 0.9714285714285714, "5": 0.9798994974874372, "6": 0.9064327485380117, "8": 0.995, "9": 0.0, "10": 0.55, "11": 0.0, "12": 0.93},
  "recall": 0.6948096885813149,
  "scene_recalls": {"2": 0.6948096885813149},
  "targets_count": 1445,
  "tp_count": 1004
}