{
  "gt_count": 1517,
  "mean_obj_recall": 0.2825445733261126,
  "mean_scene_recall": 0.29896193771626295,
  "obj_recalls": {"1": 0.41714285714285715, "5": 0.7889447236180904, "6": 0.2631578947368421, "8": 0.58, "9": 0.0, "10": 0.06111111111111111, "11": 0.0, "12": 0.15},
  "recall": 0.29896193771626295,
  "scene_recalls": {"2": 0.29896193771626295},
  "targets_count": 1445,
  "tp_count": 432
}