{
  "gt_count": 1517,
  "mean_obj_recall": 0.27109875557822527,
  "mean_scene_recall": 0.28719723183391005,
  "obj_recalls": {"1": 0.4057142857142857, "5": 0.7788944723618091, "6": 0.22807017543859648, "8": 0.56, "9": 0.0, "10": 0.06111111111111111, "11": 0.0, "12": 0.135},
  "recall": 0.28719723183391005,
  "scene_recalls": {"2": 0.28719723183391005},
  "targets_count": 1445,
  "tp_count": 415
}