{
  "gt_count": 1517,
  "mean_obj_recall": 0.28776598374075896,
  "mean_scene_recall": 0.3044982698961938,
  "obj_recalls": {"1": 0.41714285714285715, "5": 0.8040201005025126, "6": 0.27485380116959063, "8": 0.595, "9": 0.0, "10": 0.06111111111111111, "11": 0.0, "12": 0.15},
  "recall": 0.3044982698961938,
  "scene_recalls": {"2": 0.3044982698961938},
  "targets_count": 1445,
  "tp_count": 440
}