{
  "gt_count": 1517,
  "mean_obj_recall": 0.27745214690830927,
  "mean_scene_recall": 0.2934256055363322,
  "obj_recalls": {"1": 0.4114285714285714, "5": 0.7839195979899497, "6": 0.2631578947368421, "8": 0.565, "9": 0.0, "10": 0.06111111111111111, "11": 0.0, "12": 0.135},
  "recall": 0.2934256055363322,
  "scene_recalls": {"2": 0.2934256055363322},
  "targets_count": 1445,
  "tp_count": 424
}