{
  "gt_count": 1517,
  "mean_obj_recall": 0.2844227140296302,
  "mean_scene_recall": 0.30103806228373703,
  "obj_recalls": {"1": 0.41714285714285715, "5": 0.7939698492462312, "6": 0.2631578947368421, "8": 0.59, "9": 0.0, "10": 0.06111111111111111, "11": 0.0, "12": 0.15},
  "recall": 0.30103806228373703,
  "scene_recalls": {"2": 0.30103806228373703},
  "targets_count": 1445,
  "tp_count": 435
}