{
  "gt_count": 1517,
  "mean_obj_recall": 0.28515370818167696,
  "mean_scene_recall": 0.3017301038062284,
  "obj_recalls": {"1": 0.41714285714285715, "5": 0.7939698492462312, "6": 0.26900584795321636, "8": 0.59, "9": 0.0, "10": 0.06111111111111111, "11": 0.0, "12": 0.15},
  "recall": 0.3017301038062284,
  "scene_recalls": {"2": 0.3017301038062284},
  "targets_count": 1445,
  "tp_count": 436
}