{
  "gt_count": 1517,
  "mean_obj_recall": 0.2806695733261126,
  "mean_scene_recall": 0.2968858131487889,
  "obj_recalls": {"1": 0.41714285714285715, "5": 0.7889447236180904, "6": 0.2631578947368421, "8": 0.575, "9": 0.0, "10": 0.06111111111111111, "11": 0.0, "12": 0.14},
  "recall": 0.2968858131487889,
  "scene_recalls": {"2": 0.2968858131487889},
  "targets_count": 1445,
  "tp_count": 429
}