{
  "gt_count": 1517,
  "mean_obj_recall": 0.2871378430372414,
  "mean_scene_recall": 0.3038062283737024,
  "obj_recalls": {"1": 0.41714285714285715, "5": 0.7989949748743719, "6": 0.27485380116959063, "8": 0.595, "9": 0.0, "10": 0.06111111111111111, "11": 0.0, "12": 0.15},
  "recall": 0.3038062283737024,
  "scene_recalls": {"2": 0.3038062283737024},
  "targets_count": 1445,
  "tp_count": 439
}