{
  "gt_count": 1517,
  "mean_obj_recall": 0.28379771402963017,
  "mean_scene_recall": 0.30034602076124567,
  "obj_recalls": {"1": 0.41714285714285715, "5": 0.7939698492462312, "6": 0.2631578947368421, "8": 0.585, "9": 0.0, "10": 0.06111111111111111, "11": 0.0, "12": 0.15},
  "recall": 0.30034602076124567,
  "scene_recalls": {"2": 0.30034602076124567},
  "targets_count": 1445,
  "tp_count": 434
}