{
  "gt_count": 1517,
  "mean_obj_recall": 0.27527587288993,
  "mean_scene_recall": 0.29134948096885815,
  "obj_recalls": {"1": 0.4057142857142857, "5": 0.7839195979899497, "6": 0.25146198830409355, "8": 0.565, "9": 0.0, "10": 0.06111111111111111, "11": 0.0, "12": 0.135},
  "recall": 0.29134948096885815,
  "scene_recalls": {"2": 0.29134948096885815},
  "targets_count": 1445,
  "tp_count": 421
}